{
    "total": 3000,
    "rows": [
        {
            "productid": "FI-SW-01",
            "productname": "Koi",
            "unitcost": 10.00,
            "status": "P",
            "listprice": 36.50,
            "attr1": "Large",
            "itemid": "EST-1",
            "custom": "hcxowe"
        },
        {
            "productid": "K9-DL-01",
            "productname": "Dalmation",
            "unitcost": 12.00,
            "status": "P",
            "listprice": 18.50,
            "attr1": "Spotted Adult Female",
            "itemid": "EST-10",
            "custom": "hcxowe"
        },
        {
            "productid": "RP-SN-01",
            "productname": "Rattlesnake",
            "unitcost": 12.00,
            "status": "P",
            "listprice": 38.50,
            "attr1": "Venomless",
            "itemid": "EST-11",
            "custom": "hcxowe"
        },
        {
            "productid": "RP-SN-01",
            "productname": "Rattlesnake",
            "unitcost": 12.00,
            "status": "P",
            "listprice": 26.50,
            "attr1": "Rattleless",
            "itemid": "EST-12",
            "custom": "hcxowe"
        },
        {
            "selected": true,
            "productid": "RP-LI-02",
            "productname": "Iguana",
            "unitcost": 12.00,
            "status": "P",
            "listprice": 35.50,
            "attr1": "Green Adult",
            "itemid": "EST-13",
            "custom": "hcxowe"
        },
        {
            "productid": "FL-DSH-01",
            "productname": "Manx",
            "unitcost": 12.00,
            "status": "P",
            "listprice": 158.50,
            "attr1": "Tailless",
            "itemid": "EST-14",
            "custom": "hcxowe"
        },
        {
            "productid": "FL-DSH-01",
            "productname": "Manx",
            "unitcost": 12.00,
            "status": "P",
            "listprice": 83.50,
            "attr1": "With tail",
            "itemid": "EST-15",
            "custom": "hcxowe"
        },
        {
            "productid": "FL-DLH-02",
            "productname": "Persian",
            "unitcost": 12.00,
            "status": "P",
            "listprice": 23.50,
            "attr1": "Adult Female",
            "itemid": "EST-16",
            "custom": "hcxowe"
        },
        {
            "productid": "FL-DLH-02",
            "productname": "Persian",
            "unitcost": 12.00,
            "status": "P",
            "listprice": 89.50,
            "attr1": "Adult Male",
            "itemid": "EST-17",
            "custom": "hcxowe"
        },
        {
            "productid": "AV-CB-01",
            "productname": "Amazon Parrot",
            "unitcost": 92.00,
            "status": "P",
            "listprice": 63.50,
            "attr1": "Adult Male",
            "itemid": "EST-18",
            "custom": "hcxowe"
        },
        {
            "productid": "AV-CB-01",
            "productname": "Amazon Parrot",
            "unitcost": 92.00,
            "status": "P",
            "listprice": 63.50,
            "attr1": "Adult Male",
            "itemid": "EST-18",
            "custom": "hcxowe"
        },
        {
            "productid": "AV-CB-01",
            "productname": "Amazon Parrot",
            "unitcost": 92.00,
            "status": "P",
            "listprice": 63.50,
            "attr1": "Adult Male",
            "itemid": "EST-18",
            "custom": "hcxowe"
        }, {
            "productid": "FI-SW-01",
            "productname": "Koi",
            "unitcost": 10.00,
            "status": "P",
            "listprice": 36.50,
            "attr1": "Large",
            "itemid": "EST-1",
            "custom": "hcxowe"
        }, {
            "productid": "K9-DL-01",
            "productname": "Dalmation",
            "unitcost": 12.00,
            "status": "P",
            "listprice": 18.50,
            "attr1": "Spotted Adult Female",
            "itemid": "EST-10",
            "custom": "hcxowe"
        }, {
            "productid": "RP-SN-01",
            "productname": "Rattlesnake",
            "unitcost": 12.00,
            "status": "P",
            "listprice": 38.50,
            "attr1": "Venomless",
            "itemid": "EST-11",
            "custom": "hcxowe"
        }, {
            "productid": "RP-SN-01",
            "productname": "Rattlesnake",
            "unitcost": 12.00,
            "status": "P",
            "listprice": 26.50,
            "attr1": "Rattleless",
            "itemid": "EST-12",
            "custom": "hcxowe"
        }, {
            "selected": true,
            "productid": "RP-LI-02",
            "productname": "Iguana",
            "unitcost": 12.00,
            "status": "P",
            "listprice": 35.50,
            "attr1": "Green Adult",
            "itemid": "EST-13",
            "custom": "hcxowe"
        }, {
            "productid": "FL-DSH-01",
            "productname": "Manx",
            "unitcost": 12.00,
            "status": "P",
            "listprice": 158.50,
            "attr1": "Tailless",
            "itemid": "EST-14",
            "custom": "hcxowe"
        }, {
            "productid": "FL-DSH-01",
            "productname": "Manx",
            "unitcost": 12.00,
            "status": "P",
            "listprice": 83.50,
            "attr1": "With tail",
            "itemid": "EST-15",
            "custom": "hcxowe"
        }, {
            "productid": "FL-DLH-02",
            "productname": "Persian",
            "unitcost": 12.00,
            "status": "P",
            "listprice": 23.50,
            "attr1": "Adult Female",
            "itemid": "EST-16",
            "custom": "hcxowe"
        }, {
            "productid": "FL-DLH-02",
            "productname": "Persian",
            "unitcost": 12.00,
            "status": "P",
            "listprice": 89.50,
            "attr1": "Adult Male",
            "itemid": "EST-17",
            "custom": "hcxowe"
        }, {
            "productid": "AV-CB-01",
            "productname": "Amazon Parrot",
            "unitcost": 92.00,
            "status": "P",
            "listprice": 63.50,
            "attr1": "Adult Male",
            "itemid": "EST-18",
            "custom": "hcxowe"
        }, {
            "productid": "AV-CB-01",
            "productname": "Amazon Parrot",
            "unitcost": 92.00,
            "status": "P",
            "listprice": 63.50,
            "attr1": "Adult Male",
            "itemid": "EST-18",
            "custom": "hcxowe"
        }, {
            "productid": "FI-SW-01",
            "productname": "Koi",
            "unitcost": 10.00,
            "status": "P",
            "listprice": 36.50,
            "attr1": "Large",
            "itemid": "EST-1",
            "custom": "hcxowe"
        }, {
            "productid": "K9-DL-01",
            "productname": "Dalmation",
            "unitcost": 12.00,
            "status": "P",
            "listprice": 18.50,
            "attr1": "Spotted Adult Female",
            "itemid": "EST-10",
            "custom": "hcxowe"
        }, {
            "productid": "RP-SN-01",
            "productname": "Rattlesnake",
            "unitcost": 12.00,
            "status": "P",
            "listprice": 38.50,
            "attr1": "Venomless",
            "itemid": "EST-11",
            "custom": "hcxowe"
        }, {
            "productid": "RP-SN-01",
            "productname": "Rattlesnake",
            "unitcost": 12.00,
            "status": "P",
            "listprice": 26.50,
            "attr1": "Rattleless",
            "itemid": "EST-12",
            "custom": "hcxowe"
        }, {
            "selected": true,
            "productid": "RP-LI-02",
            "productname": "Iguana",
            "unitcost": 12.00,
            "status": "P",
            "listprice": 35.50,
            "attr1": "Green Adult",
            "itemid": "EST-13",
            "custom": "hcxowe"
        }, {
            "productid": "FL-DSH-01",
            "productname": "Manx",
            "unitcost": 12.00,
            "status": "P",
            "listprice": 158.50,
            "attr1": "Tailless",
            "itemid": "EST-14",
            "custom": "hcxowe"
        }, {
            "productid": "FL-DSH-01",
            "productname": "Manx",
            "unitcost": 12.00,
            "status": "P",
            "listprice": 83.50,
            "attr1": "With tail",
            "itemid": "EST-15",
            "custom": "hcxowe"
        }
    ]
}